actual_q_0,3.7120656967163086
actual_q_1,-0.8254794639400025
actual_q_2,0.8429477850543421
actual_q_3,-1.5882650814452113
actual_q_4,-1.5707925001727503
actual_q_5,2.141267776489258
actual_q_0,3.712094783782959
actual_q_1,-0.825495795612671
actual_q_2,0.8430126349078577
actual_q_3,-1.5882650814452113
actual_q_4,-1.5708335081683558
actual_q_5,2.14131760597229
actual_q_0,3.712045907974243
actual_q_1,-0.8254543107799073
actual_q_2,0.8430007139789026
actual_q_3,-1.5883094273009242
actual_q_4,-1.5707724730121058
actual_q_5,2.141313076019287
actual_q_0,3.7120862007141113
actual_q_1,-0.8254823845675965
actual_q_2,0.8429845015155237
actual_q_3,-1.588297506371969
actual_q_4,-1.5707925001727503
actual_q_5,2.1412765979766846
actual_q_0,3.712110996246338
actual_q_1,-0.8255039614490052
actual_q_2,0.8429520765887659
actual_q_3,-1.588273664514059
actual_q_4,-1.5707529226886194
actual_q_5,2.141296148300171
actual_q_0,3.7119884490966797
actual_q_1,-0.825451211338379
actual_q_2,0.8429845015155237
actual_q_3,-1.5882817707457484
actual_q_4,-1.570813004170553
actual_q_5,2.1412513256073
actual_q_0,3.7120449542999268
actual_q_1,-0.8254380387118836
actual_q_2,0.8430288473712366
actual_q_3,-1.5883213482298792
actual_q_4,-1.5707767645465296
actual_q_5,2.141263246536255
actual_q_0,3.712127447128296
actual_q_1,-0.8254882854274292
actual_q_2,0.8430007139789026
actual_q_3,-1.588285585443014
actual_q_4,-1.5707805792437952
actual_q_5,2.1412997245788574
actual_q_0,3.712155818939209
actual_q_1,-0.8254468005946656
actual_q_2,0.8429845015155237
actual_q_3,-1.5882650814452113
actual_q_4,-1.5707529226886194
actual_q_5,2.141291618347168
actual_q_0,3.7120449542999268
actual_q_1,-0.825463132267334
actual_q_2,0.8429630438434046
actual_q_3,-1.5882812939085902
actual_q_4,-1.5708406607257288
actual_q_5,2.141278028488159
actual_q_0,3.7121024131774902
actual_q_1,-0.825463132267334
actual_q_2,0.8429845015155237
actual_q_3,-1.5882498226561488
actual_q_4,-1.5707805792437952
actual_q_5,2.141295909881592
actual_q_0,3.7120654582977295
actual_q_1,-0.825463132267334
actual_q_2,0.8429678122149866
actual_q_3,-1.5883013210692347
actual_q_4,-1.5707886854754847
actual_q_5,2.1413004398345947
actual_q_0,3.7120862007141113
actual_q_1,-0.825412706737854
actual_q_2,0.8429754416095179
actual_q_3,-1.588285585443014
actual_q_4,-1.570813004170553
actual_q_5,2.141291618347168
actual_q_0,3.712127923965454
actual_q_1,-0.8255039614490052
actual_q_2,0.8429630438434046
actual_q_3,-1.588297029534811
actual_q_4,-1.570829216633932
actual_q_5,2.1412885189056396
actual_q_0,3.712095260620117
actual_q_1,-0.8254379791072388
actual_q_2,0.8429802099810999
actual_q_3,-1.5882731876769007
actual_q_4,-1.5708254019366663
actual_q_5,2.141312837600708
actual_q_0,3.7120697498321533
actual_q_1,-0.8254423898509522
actual_q_2,0.8429721037494105
actual_q_3,-1.5883094273009242
actual_q_4,-1.5707843939410608
actual_q_5,2.141291618347168
actual_q_0,3.7120935916900635
actual_q_1,-0.8254970473102112
actual_q_2,0.8429763952838343
actual_q_3,-1.5882412395873011
actual_q_4,-1.5708487669574183
actual_q_5,2.141329050064087
actual_q_0,3.712062358856201
actual_q_1,-0.8253976863673707
actual_q_2,0.8429845015155237
actual_q_3,-1.5883051357665003
actual_q_4,-1.570784870778219
actual_q_5,2.141275405883789
actual_q_0,3.7120697498321533
actual_q_1,-0.8254542511752625
actual_q_2,0.8429144064532679
actual_q_3,-1.5882488689818324
actual_q_4,-1.5708373228656214
actual_q_5,2.1413044929504395
actual_q_0,3.712099552154541
actual_q_1,-0.8254720133594056
actual_q_2,0.8429754416095179
actual_q_3,-1.5882488689818324
actual_q_4,-1.5707891623126429
actual_q_5,2.141251564025879
actual_q_0,3.7120368480682373
actual_q_1,-0.8254467409900208
actual_q_2,0.8429721037494105
actual_q_3,-1.5882569752135218
actual_q_4,-1.570829216633932
actual_q_5,2.141295909881592
actual_q_0,3.7120578289031982
actual_q_1,-0.825488345032074
actual_q_2,0.8429845015155237
actual_q_3,-1.588252683679098
actual_q_4,-1.5707767645465296
actual_q_5,2.1412997245788574
actual_q_0,3.712062358856201
actual_q_1,-0.8254304689219971
actual_q_2,0.8429892698871058
actual_q_3,-1.588245531121725
actual_q_4,-1.5707886854754847
actual_q_5,2.141324758529663
actual_q_0,3.7120578289031982
actual_q_1,-0.8254468005946656
actual_q_2,0.8430216948138636
actual_q_3,-1.5882288418211878
actual_q_4,-1.5708125273333948
actual_q_5,2.1412546634674072
actual_q_0,3.7120532989501953
actual_q_1,-0.825425998573639
actual_q_2,0.8430054823504847
actual_q_3,-1.5883094273009242
actual_q_4,-1.5707810560809534
actual_q_5,2.141263484954834
actual_q_0,3.7120323181152344
actual_q_1,-0.8254348796657105
actual_q_2,0.8430174032794397
actual_q_3,-1.588252683679098
actual_q_4,-1.5707767645465296
actual_q_5,2.141317129135132
actual_q_0,3.7120068073272705
actual_q_1,-0.825451211338379
actual_q_2,0.8429845015155237
actual_q_3,-1.5883127651610316
actual_q_4,-1.5707648436175745
actual_q_5,2.141267776489258
actual_q_0,3.712095260620117
actual_q_1,-0.8255046171000977
actual_q_2,0.842987362538473
actual_q_3,-1.5882607899107875
actual_q_4,-1.5707929770099085
actual_q_5,2.141267776489258
actual_q_0,3.712078809738159
actual_q_1,-0.8254674834064026
actual_q_2,0.8429439703570765
actual_q_3,-1.588285585443014
actual_q_4,-1.570772949849264
actual_q_5,2.141279697418213
actual_q_0,3.712041139602661
actual_q_1,-0.8254587215236207
actual_q_2,0.8429978529559534
actual_q_3,-1.5882846317686976
actual_q_4,-1.570784870778219
actual_q_5,2.1412546634674072
actual_q_0,3.7120323181152344
actual_q_1,-0.8254556220820923
actual_q_2,0.8430336157428187
actual_q_3,-1.588269372979635
actual_q_4,-1.570829216633932
actual_q_5,2.141291618347168
actual_q_0,3.7120742797851562
actual_q_1,-0.8254542511752625
actual_q_2,0.8430007139789026
actual_q_3,-1.5882817707457484
actual_q_4,-1.5707967917071741
actual_q_5,2.141295909881592
actual_q_0,3.7120652198791504
actual_q_1,-0.825425998573639
actual_q_2,0.8429964224444788
actual_q_3,-1.5882846317686976
actual_q_4,-1.5708006064044397
actual_q_5,2.141275405883789
actual_q_0,3.7120578289031982
actual_q_1,-0.8255128425410767
actual_q_2,0.8429721037494105
actual_q_3,-1.5882536373534144
actual_q_4,-1.5707972685443323
actual_q_5,2.1413040161132812
actual_q_0,3.7120862007141113
actual_q_1,-0.8254304689219971
actual_q_2,0.8429630438434046
actual_q_3,-1.5882932148375453
actual_q_4,-1.5707686583148401
actual_q_5,2.1413333415985107
actual_q_0,3.712062358856201
actual_q_1,-0.8254392904094239
actual_q_2,0.8429425398456019
actual_q_3,-1.5882817707457484
actual_q_4,-1.570829216633932
actual_q_5,2.141352653503418
actual_q_0,3.712045669555664
actual_q_1,-0.8254468005946656
actual_q_2,0.8429763952838343
actual_q_3,-1.5882607899107875
actual_q_4,-1.5707724730121058
actual_q_5,2.141291618347168
actual_q_0,3.7120771408081055
actual_q_1,-0.8254750531962891
actual_q_2,0.8430007139789026
actual_q_3,-1.5883332691588343
actual_q_4,-1.5707925001727503
actual_q_5,2.1412994861602783
actual_q_0,3.7120816707611084
actual_q_1,-0.8254794639400025
actual_q_2,0.8430336157428187
actual_q_3,-1.5883170566954554
actual_q_4,-1.5707967917071741
actual_q_5,2.141313076019287
actual_q_0,3.71209979057312
actual_q_1,-0.8253680628589173
actual_q_2,0.8430126349078577
actual_q_3,-1.5882650814452113
actual_q_4,-1.5708211104022425
actual_q_5,2.141235113143921
actual_q_0,3.7120532989501953
actual_q_1,-0.8254750531962891
actual_q_2,0.8429754416095179
actual_q_3,-1.5883251629271449
actual_q_4,-1.5707891623126429
actual_q_5,2.1413040161132812
actual_q_0,3.7120907306671143
actual_q_1,-0.8255002063563843
actual_q_2,0.8429964224444788
actual_q_3,-1.5882607899107875
actual_q_4,-1.5708087126361292
actual_q_5,2.141296148300171
actual_q_0,3.7120816707611084
actual_q_1,-0.8254542511752625
actual_q_2,0.8429258505450647
actual_q_3,-1.5882569752135218
actual_q_4,-1.5707967917071741
actual_q_5,2.141249895095825
actual_q_0,3.7120935916900635
actual_q_1,-0.8254719537547608
actual_q_2,0.8429763952838343
actual_q_3,-1.5882817707457484
actual_q_4,-1.5708211104022425
actual_q_5,2.141270637512207
actual_q_0,3.7120532989501953
actual_q_1,-0.8254348796657105
actual_q_2,0.8429763952838343
actual_q_3,-1.588325639764303
actual_q_4,-1.5707686583148401
actual_q_5,2.141263246536255
actual_q_0,3.7121024131774902
actual_q_1,-0.825437919502594
actual_q_2,0.8429425398456019
actual_q_3,-1.5883175335326136
actual_q_4,-1.570813004170553
actual_q_5,2.14123797416687
actual_q_0,3.712062358856201
actual_q_1,-0.8255216640285035
actual_q_2,0.8429845015155237
actual_q_3,-1.588292738000387
actual_q_4,-1.5708087126361292
actual_q_5,2.141267776489258
actual_q_0,3.712083339691162
actual_q_1,-0.8254675430110474
actual_q_2,0.8429802099810999
actual_q_3,-1.5883246860899867
actual_q_4,-1.570829216633932
actual_q_5,2.141263246536255
actual_q_0,3.712095260620117
actual_q_1,-0.8254215878299256
actual_q_2,0.8429964224444788
actual_q_3,-1.5882379017271937
actual_q_4,-1.5707925001727503
actual_q_5,2.141282558441162
actual_q_0,3.712095022201538
actual_q_1,-0.8255002063563843
actual_q_2,0.8429587523089808
actual_q_3,-1.588273664514059
actual_q_4,-1.570801083241598
actual_q_5,2.14127516746521
actual_q_0,3.7121026515960693
actual_q_1,-0.8254542511752625
actual_q_2,0.8429673353778284
actual_q_3,-1.588268896142477
actual_q_4,-1.5708048979388636
actual_q_5,2.141270637512207
actual_q_0,3.7120742797851562
actual_q_1,-0.8255046767047425
actual_q_2,0.8429473082171839
actual_q_3,-1.5882812939085902
actual_q_4,-1.570784870778219
actual_q_5,2.1412994861602783
actual_q_0,3.7120816707611084
actual_q_1,-0.825495795612671
actual_q_2,0.8430007139789026
actual_q_3,-1.5882374248900355
actual_q_4,-1.5708654562579554
actual_q_5,2.1412723064422607
actual_q_0,3.7120161056518555
actual_q_1,-0.8254468005946656
actual_q_2,0.8429721037494105
actual_q_3,-1.5882250271239222
actual_q_4,-1.5708254019366663
actual_q_5,2.141263246536255
actual_q_0,3.7120490074157715
actual_q_1,-0.8254957360080262
actual_q_2,0.8429845015155237
actual_q_3,-1.5882607899107875
actual_q_4,-1.5707805792437952
actual_q_5,2.141270637512207
actual_q_0,3.7119948863983154
actual_q_1,-0.8254838746837159
actual_q_2,0.8430054823504847
actual_q_3,-1.5882774792113246
actual_q_4,-1.570801083241598
actual_q_5,2.141324996948242
actual_q_0,3.71211576461792
actual_q_1,-0.8254380387118836
actual_q_2,0.8430007139789026
actual_q_3,-1.588297029534811
actual_q_4,-1.5707967917071741
actual_q_5,2.141279697418213
actual_q_0,3.7121026515960693
actual_q_1,-0.8254675430110474
actual_q_2,0.8429754416095179
actual_q_3,-1.588313718835348
actual_q_4,-1.5708254019366663
actual_q_5,2.141246795654297
actual_q_0,3.7120697498321533
actual_q_1,-0.8254794639400025
actual_q_2,0.8429754416095179
actual_q_3,-1.5882607899107875
actual_q_4,-1.5708449522601526
actual_q_5,2.141329526901245
actual_q_0,3.7120981216430664
actual_q_1,-0.8254453104785462
actual_q_2,0.842971150075094
actual_q_3,-1.588245531121725
actual_q_4,-1.5708044211017054
actual_q_5,2.14131760597229
actual_q_0,3.7120368480682373
actual_q_1,-0.825471894150116
actual_q_2,0.8429802099810999
actual_q_3,-1.588229318658346
actual_q_4,-1.5708335081683558
actual_q_5,2.141279697418213
actual_q_0,3.7120819091796875
actual_q_1,-0.825442449455597
actual_q_2,0.8429721037494105
actual_q_3,-1.5883013210692347
actual_q_4,-1.5707724730121058
actual_q_5,2.1412723064422607
actual_q_0,3.712087392807007
actual_q_1,-0.8254141968539734
actual_q_2,0.8430336157428187
actual_q_3,-1.5882569752135218
actual_q_4,-1.570784870778219
actual_q_5,2.141291618347168
actual_q_0,3.7120535373687744
actual_q_1,-0.8254274290851136
actual_q_2,0.8430288473712366
actual_q_3,-1.5883375606932582
actual_q_4,-1.5707724730121058
actual_q_5,2.141263246536255
actual_q_0,3.7120907306671143
actual_q_1,-0.8254498404315491
actual_q_2,0.8429845015155237
actual_q_3,-1.588252683679098
actual_q_4,-1.5707767645465296
actual_q_5,2.141284227371216
actual_q_0,3.712095022201538
actual_q_1,-0.8254261773875733
actual_q_2,0.8430007139789026
actual_q_3,-1.5882731876769007
actual_q_4,-1.5708377997027796
actual_q_5,2.1413040161132812
actual_q_0,3.7120251655578613
actual_q_1,-0.8254925769618531
actual_q_2,0.8429430166827601
actual_q_3,-1.5883056126036585
actual_q_4,-1.5708048979388636
actual_q_5,2.14127516746521
actual_q_0,3.71207857131958
actual_q_1,-0.8254794043353577
actual_q_2,0.8429763952838343
actual_q_3,-1.5882731876769007
actual_q_4,-1.570829216633932
actual_q_5,2.141287088394165
actual_q_0,3.7120862007141113
actual_q_1,-0.825471894150116
actual_q_2,0.8429964224444788
actual_q_3,-1.5882731876769007
actual_q_4,-1.570784870778219
actual_q_5,2.141247034072876
actual_q_0,3.7121198177337646
actual_q_1,-0.825423077946045
actual_q_2,0.8429802099810999
actual_q_3,-1.5883013210692347
actual_q_4,-1.5708168188678187
actual_q_5,2.1412453651428223
actual_q_0,3.7120370864868164
actual_q_1,-0.8254468601993104
actual_q_2,0.8430054823504847
actual_q_3,-1.5882731876769007
actual_q_4,-1.5707925001727503
actual_q_5,2.141270637512207
actual_q_0,3.7120535373687744
actual_q_1,-0.8254707616618653
actual_q_2,0.8429845015155237
actual_q_3,-1.5882650814452113
actual_q_4,-1.5707929770099085
actual_q_5,2.141218900680542
actual_q_0,3.712050199508667
actual_q_1,-0.825434998875
actual_q_2,0.8429587523089808
actual_q_3,-1.5882731876769007
actual_q_4,-1.570784870778219
actual_q_5,2.141275405883789
actual_q_0,3.7120537757873535
actual_q_1,-0.825451211338379
actual_q_2,0.8429520765887659
actual_q_3,-1.5882331333556117
actual_q_4,-1.570784870778219
actual_q_5,2.14132022857666
actual_q_0,3.712094783782959
actual_q_1,-0.8254219454577942
actual_q_2,0.8429887930499476
actual_q_3,-1.5882774792113246
actual_q_4,-1.570813004170553
actual_q_5,2.141266345977783
actual_q_0,3.7120208740234375
actual_q_1,-0.8255407375148316
actual_q_2,0.8429678122149866
actual_q_3,-1.5882889233031214
actual_q_4,-1.5707724730121058
actual_q_5,2.1413002014160156
actual_q_0,3.7121353149414062
actual_q_1,-0.8254305881312867
actual_q_2,0.8429887930499476
actual_q_3,-1.588268896142477
actual_q_4,-1.570801083241598
actual_q_5,2.14133358001709
actual_q_0,3.712118625640869
actual_q_1,-0.8254718345454712
actual_q_2,0.8429721037494105
actual_q_3,-1.5882412395873011
actual_q_4,-1.5708087126361292
actual_q_5,2.141295909881592
actual_q_0,3.7120862007141113
actual_q_1,-0.8254468601993104
actual_q_2,0.8430245558368128
actual_q_3,-1.5882331333556117
actual_q_4,-1.5707724730121058
actual_q_5,2.141247272491455
actual_q_0,3.7120537757873535
actual_q_1,-0.8254425686648865
actual_q_2,0.8429930845843714
actual_q_3,-1.5882817707457484
actual_q_4,-1.5707929770099085
actual_q_5,2.1413002014160156
actual_q_0,3.7120254039764404
actual_q_1,-0.8254793447307129
actual_q_2,0.8429678122149866
actual_q_3,-1.5882655582823695
actual_q_4,-1.5707925001727503
actual_q_5,2.1413002014160156
actual_q_0,3.71207857131958
actual_q_1,-0.8254999083331604
actual_q_2,0.8429802099810999
actual_q_3,-1.5883051357665003
actual_q_4,-1.5707648436175745
actual_q_5,2.141287088394165
actual_q_0,3.7120981216430664
actual_q_1,-0.8254555028728028
actual_q_2,0.8429759184466761
actual_q_3,-1.5882374248900355
actual_q_4,-1.5707772413836878
actual_q_5,2.141239643096924
actual_q_0,3.7120327949523926
actual_q_1,-0.825463132267334
actual_q_2,0.8429887930499476
actual_q_3,-1.5882889233031214
actual_q_4,-1.5707929770099085
actual_q_5,2.1413002014160156
actual_q_0,3.712118625640869
actual_q_1,-0.8254588407329102
actual_q_2,0.8429353872882288
actual_q_3,-1.5882774792113246
actual_q_4,-1.5708087126361292
actual_q_5,2.14125919342041
actual_q_0,3.7120981216430664
actual_q_1,-0.8254950803569336
actual_q_2,0.8429635206805628
actual_q_3,-1.5882812939085902
actual_q_4,-1.5707643667804163
actual_q_5,2.1412665843963623
actual_q_0,3.7120537757873535
actual_q_1,-0.8254869741252442
actual_q_2,0.8429930845843714
actual_q_3,-1.5882774792113246
actual_q_4,-1.5707281271563929
actual_q_5,2.1412429809570312
actual_q_0,3.7120699882507324
actual_q_1,-0.825491265659668
actual_q_2,0.8429759184466761
actual_q_3,-1.5882417164244593
actual_q_4,-1.570829216633932
actual_q_5,2.1413002014160156
actual_q_0,3.7120699882507324
actual_q_1,-0.8254264754107972
actual_q_2,0.8429973761187952
actual_q_3,-1.588292738000387
actual_q_4,-1.5708044211017054
actual_q_5,2.1412298679351807
actual_q_0,3.712099313735962
actual_q_1,-0.8254457873157044
actual_q_2,0.8430169264422815
actual_q_3,-1.588252683679098
actual_q_4,-1.570813004170553
actual_q_5,2.1413333415985107
actual_q_0,3.71207857131958
actual_q_1,-0.825491265659668
actual_q_2,0.8430007139789026
actual_q_3,-1.5882932148375453
actual_q_4,-1.5707967917071741
actual_q_5,2.1412997245788574
actual_q_0,3.712062358856201
actual_q_1,-0.8254545491984864
actual_q_2,0.8430007139789026
actual_q_3,-1.588269372979635
actual_q_4,-1.570801083241598
actual_q_5,2.141295909881592
actual_q_0,3.7120981216430664
actual_q_1,-0.825451211338379
actual_q_2,0.8429878393756312
actual_q_3,-1.5882207355894984
actual_q_4,-1.570813004170553
actual_q_5,2.1412353515625
actual_q_0,3.7121026515960693
actual_q_1,-0.8254879277995606
actual_q_2,0.8429878393756312
actual_q_3,-1.5883456669249476
actual_q_4,-1.5707967917071741
actual_q_5,2.141279697418213
actual_q_0,3.7120652198791504
actual_q_1,-0.8254426282695313
actual_q_2,0.8429678122149866
actual_q_3,-1.5883013210692347
actual_q_4,-1.5708168188678187
actual_q_5,2.141251564025879
actual_q_0,3.712083339691162
actual_q_1,-0.8254221838763733
actual_q_2,0.8429845015155237
actual_q_3,-1.5882498226561488
actual_q_4,-1.570801083241598
actual_q_5,2.1412839889526367
actual_q_0,3.71205472946167
actual_q_1,-0.8254717153361817
actual_q_2,0.8429392019854944
actual_q_3,-1.5882092914977015
actual_q_4,-1.5708487669574183
actual_q_5,2.1412882804870605
actual_q_0,3.7120742797851562
actual_q_1,-0.8255081337741395
actual_q_2,0.8430169264422815
actual_q_3,-1.5883094273009242
actual_q_4,-1.5708125273333948
actual_q_5,2.1413094997406006
actual_q_0,3.7120368480682373
actual_q_1,-0.8254707616618653
actual_q_2,0.8429964224444788
actual_q_3,-1.5882731876769007
actual_q_4,-1.5707929770099085
actual_q_5,2.141282558441162
actual_q_0,3.712111473083496
actual_q_1,-0.8254716557315369
actual_q_2,0.8429520765887659
actual_q_3,-1.5883013210692347
actual_q_4,-1.5707967917071741
actual_q_5,2.14123797416687
actual_q_0,3.712095260620117
actual_q_1,-0.8254545491984864
actual_q_2,0.8429477850543421
actual_q_3,-1.588245531121725
actual_q_4,-1.5707886854754847
actual_q_5,2.141284227371216
actual_q_0,3.712071418762207
actual_q_1,-0.8254793447307129
actual_q_2,0.8430050055133265
actual_q_3,-1.588285585443014
actual_q_4,-1.5707691351519983
actual_q_5,2.141291618347168
actual_q_0,3.7120368480682373
actual_q_1,-0.8254954975894471
actual_q_2,0.8429887930499476
actual_q_3,-1.5882250271239222
actual_q_4,-1.5708006064044397
actual_q_5,2.141313076019287
actual_q_0,3.7120907306671143
actual_q_1,-0.825430766945221
actual_q_2,0.8429887930499476
actual_q_3,-1.5882412395873011
actual_q_4,-1.5707810560809534
actual_q_5,2.1412885189056396
actual_q_0,3.7120697498321533
actual_q_1,-0.8254674238017579
actual_q_2,0.8430212179767054
actual_q_3,-1.5882374248900355
actual_q_4,-1.5707648436175745
actual_q_5,2.141279697418213
actual_q_0,3.7120907306671143
actual_q_1,-0.8254016202739258
actual_q_2,0.8429845015155237
actual_q_3,-1.588285585443014
actual_q_4,-1.5707648436175745
actual_q_5,2.141333818435669
actual_q_0,3.712066888809204
actual_q_1,-0.8254222434810181
actual_q_2,0.8429434935199183
actual_q_3,-1.5882817707457484
actual_q_4,-1.5707491079913538
actual_q_5,2.141279697418213
actual_q_0,3.7120249271392822
actual_q_1,-0.8254793447307129
actual_q_2,0.8430050055133265
actual_q_3,-1.588313718835348
actual_q_4,-1.570853058491842
actual_q_5,2.141270637512207
actual_q_0,3.7120532989501953
actual_q_1,-0.825483576660492
actual_q_2,0.8429930845843714
actual_q_3,-1.5882731876769007
actual_q_4,-1.5707410017596644
actual_q_5,2.141242504119873
actual_q_0,3.7120862007141113
actual_q_1,-0.825491265659668
actual_q_2,0.8429964224444788
actual_q_3,-1.5882569752135218
actual_q_4,-1.5707886854754847
actual_q_5,2.1413049697875977
actual_q_0,3.7120156288146973
actual_q_1,-0.8254707616618653
actual_q_2,0.842931095753805
actual_q_3,-1.5882607899107875
actual_q_4,-1.570824925099508
actual_q_5,2.141267776489258
actual_q_0,3.712045669555664
actual_q_1,-0.8254469198039551
actual_q_2,0.8429477850543421
actual_q_3,-1.5882774792113246
actual_q_4,-1.5707929770099085
actual_q_5,2.14127516746521
actual_q_0,3.7120771408081055
actual_q_1,-0.8254264754107972
actual_q_2,0.8429887930499476
actual_q_3,-1.588268896142477
actual_q_4,-1.570784870778219
actual_q_5,2.141296148300171
actual_q_0,3.7120399475097656
actual_q_1,-0.825455443268158
actual_q_2,0.8429887930499476
actual_q_3,-1.5882288418211878
actual_q_4,-1.5708048979388636
actual_q_5,2.1413049697875977
actual_q_0,3.712071418762207
actual_q_1,-0.8254427474788208
actual_q_2,0.8429630438434046
actual_q_3,-1.5882498226561488
actual_q_4,-1.5708168188678187
actual_q_5,2.141254186630249
actual_q_0,3.712050199508667
actual_q_1,-0.825450138454773
actual_q_2,0.8429802099810999
actual_q_3,-1.588297029534811
actual_q_4,-1.5707925001727503
actual_q_5,2.141338586807251
actual_q_0,3.7120201587677
actual_q_1,-0.8254597348025818
actual_q_2,0.8429678122149866
actual_q_3,-1.5882607899107875
actual_q_4,-1.570784870778219
actual_q_5,2.141254186630249
actual_q_0,3.7120697498321533
actual_q_1,-0.825451211338379
actual_q_2,0.8430007139789026
actual_q_3,-1.5882731876769007
actual_q_4,-1.5707486311541956
actual_q_5,2.141216993331909
actual_q_0,3.7120275497436523
actual_q_1,-0.825508252983429
actual_q_2,0.8429802099810999
actual_q_3,-1.5882774792113246
actual_q_4,-1.570829216633932
actual_q_5,2.141324996948242
actual_q_0,3.7120652198791504
actual_q_1,-0.825491265659668
actual_q_2,0.8430083433734339
actual_q_3,-1.5882851086058558
actual_q_4,-1.5708373228656214
actual_q_5,2.141282558441162
actual_q_0,3.712111473083496
actual_q_1,-0.825450138454773
actual_q_2,0.8429845015155237
actual_q_3,-1.5882531605162562
actual_q_4,-1.5707967917071741
actual_q_5,2.141287088394165
actual_q_0,3.7121191024780273
actual_q_1,-0.8254673641971131
actual_q_2,0.8429845015155237
actual_q_3,-1.5882774792113246
actual_q_4,-1.5707605520831507
actual_q_5,2.141313076019287
actual_q_0,3.7121026515960693
actual_q_1,-0.8254546088031312
actual_q_2,0.8430350462542933
actual_q_3,-1.5882417164244593
actual_q_4,-1.5708487669574183
actual_q_5,2.141286849975586
actual_q_0,3.7121145725250244
actual_q_1,-0.8254878681949158
actual_q_2,0.8429678122149866
actual_q_3,-1.5882531605162562
actual_q_4,-1.570813004170553
actual_q_5,2.141291618347168
actual_q_0,3.712078809738159
actual_q_1,-0.8254145544818421
actual_q_2,0.8429978529559534
actual_q_3,-1.5882894001402796
actual_q_4,-1.5707648436175745
actual_q_5,2.141287088394165
actual_q_0,3.712036609649658
actual_q_1,-0.825483576660492
actual_q_2,0.8430054823504847
actual_q_3,-1.5882774792113246
actual_q_4,-1.5707805792437952
actual_q_5,2.141279697418213
actual_q_0,3.7121236324310303
actual_q_1,-0.8254716557315369
actual_q_2,0.8430007139789026
actual_q_3,-1.5882607899107875
actual_q_4,-1.5707972685443323
actual_q_5,2.141249895095825
actual_q_0,3.712083339691162
actual_q_1,-0.8254264754107972
actual_q_2,0.8429845015155237
actual_q_3,-1.5882650814452113
actual_q_4,-1.5708168188678187
actual_q_5,2.141284227371216
actual_q_0,3.7120816707611084
actual_q_1,-0.8255040806582947
actual_q_2,0.8430097738849085
actual_q_3,-1.5882765255370082
actual_q_4,-1.5707605520831507
actual_q_5,2.141263246536255
actual_q_0,3.7120816707611084
actual_q_1,-0.8254222434810181
actual_q_2,0.8429587523089808
actual_q_3,-1.5883094273009242
actual_q_4,-1.5707686583148401
actual_q_5,2.1412839889526367
actual_q_0,3.712095260620117
actual_q_1,-0.8255412739566346
actual_q_2,0.8430174032794397
actual_q_3,-1.5882765255370082
actual_q_4,-1.5707529226886194
actual_q_5,2.141266345977783
actual_q_0,3.712078809738159
actual_q_1,-0.825463132267334
actual_q_2,0.8429515997516077
actual_q_3,-1.5882412395873011
actual_q_4,-1.5708168188678187
actual_q_5,2.141247034072876
actual_q_0,3.7121026515960693
actual_q_1,-0.8254178327373047
actual_q_2,0.8429439703570765
actual_q_3,-1.5883051357665003
actual_q_4,-1.5708211104022425
actual_q_5,2.141226291656494
actual_q_0,3.7120907306671143
actual_q_1,-0.8254673641971131
actual_q_2,0.8429964224444788
actual_q_3,-1.5882650814452113
actual_q_4,-1.5707686583148401
actual_q_5,2.141266345977783
actual_q_0,3.712120532989502
actual_q_1,-0.825458900337555
actual_q_2,0.8429887930499476
actual_q_3,-1.5883127651610316
actual_q_4,-1.5707767645465296
actual_q_5,2.141279697418213
actual_q_0,3.7120816707611084
actual_q_1,-0.8254673641971131
actual_q_2,0.8429630438434046
actual_q_3,-1.5882331333556117
actual_q_4,-1.570829216633932
actual_q_5,2.141258955001831
actual_q_0,3.712106943130493
actual_q_1,-0.8254993122867127
actual_q_2,0.8429754416095179
actual_q_3,-1.5882255039610804
actual_q_4,-1.5707925001727503
actual_q_5,2.14125919342041
actual_q_0,3.7120697498321533
actual_q_1,-0.8254792851260682
actual_q_2,0.8430174032794397
actual_q_3,-1.588252683679098
actual_q_4,-1.5707486311541956
actual_q_5,2.1412763595581055
actual_q_0,3.712078809738159
actual_q_1,-0.825475887661316
actual_q_2,0.8429515997516077
actual_q_3,-1.5882207355894984
actual_q_4,-1.5707967917071741
actual_q_5,2.14125919342041
actual_q_0,3.7120697498321533
actual_q_1,-0.8254869741252442
actual_q_2,0.8430007139789026
actual_q_3,-1.5882817707457484
actual_q_4,-1.5707686583148401
actual_q_5,2.141267776489258
actual_q_0,3.7120862007141113
actual_q_1,-0.8254385155490418
actual_q_2,0.8429892698871058
actual_q_3,-1.588280817071432
actual_q_4,-1.5707724730121058
actual_q_5,2.141267776489258
actual_q_0,3.7120907306671143
actual_q_1,-0.825451211338379
actual_q_2,0.8429673353778284
actual_q_3,-1.5882817707457484
actual_q_4,-1.5707925001727503
actual_q_5,2.141282796859741
actual_q_0,3.7120535373687744
actual_q_1,-0.825458900337555
actual_q_2,0.8429630438434046
actual_q_3,-1.5882731876769007
actual_q_4,-1.5707605520831507
actual_q_5,2.141263484954834
actual_q_0,3.7120413780212402
actual_q_1,-0.8254997891238709
actual_q_2,0.842992130910055
actual_q_3,-1.5882169208922328
actual_q_4,-1.5707767645465296
actual_q_5,2.14132022857666
actual_q_0,3.7120580673217773
actual_q_1,-0.8254708212665101
actual_q_2,0.8429964224444788
actual_q_3,-1.588285585443014
actual_q_4,-1.5708168188678187
actual_q_5,2.141317129135132
actual_q_0,3.7120611667633057
actual_q_1,-0.8254792851260682
actual_q_2,0.8429845015155237
actual_q_3,-1.588285585443014
actual_q_4,-1.5707891623126429
actual_q_5,2.141312837600708
actual_q_0,3.7120535373687744
actual_q_1,-0.825463132267334
actual_q_2,0.8430307547198694
actual_q_3,-1.5882488689818324
actual_q_4,-1.5707805792437952
actual_q_5,2.1412665843963623
actual_q_0,3.7120580673217773
actual_q_1,-0.8254427474788208
actual_q_2,0.8430174032794397
actual_q_3,-1.588280817071432
actual_q_4,-1.5707886854754847
actual_q_5,2.1413002014160156
actual_q_0,3.712087392807007
actual_q_1,-0.825451211338379
actual_q_2,0.8430097738849085
actual_q_3,-1.588313718835348
actual_q_4,-1.5708335081683558
actual_q_5,2.141275405883789
actual_q_0,3.7120907306671143
actual_q_1,-0.8254763048938294
actual_q_2,0.8429845015155237
actual_q_3,-1.5882731876769007
actual_q_4,-1.570784870778219
actual_q_5,2.1412580013275146
actual_q_0,3.7120742797851562
actual_q_1,-0.8254587215236207
actual_q_2,0.8429845015155237
actual_q_3,-1.5882331333556117
actual_q_4,-1.5707686583148401
actual_q_5,2.141275405883789
actual_q_0,3.7120413780212402
actual_q_1,-0.825457291012146
actual_q_2,0.8429425398456019
actual_q_3,-1.588269372979635
actual_q_4,-1.5707805792437952
actual_q_5,2.141279697418213
actual_q_0,3.712033987045288
actual_q_1,-0.8254497212222596
actual_q_2,0.8429845015155237
actual_q_3,-1.588313718835348
actual_q_4,-1.5707805792437952
actual_q_5,2.141263484954834
actual_q_0,3.7120535373687744
actual_q_1,-0.825495795612671
actual_q_2,0.8429935614215296
actual_q_3,-1.588273664514059
actual_q_4,-1.5707886854754847
actual_q_5,2.141295909881592
actual_q_0,3.712062358856201
actual_q_1,-0.8254823845675965
actual_q_2,0.8429935614215296
actual_q_3,-1.588285585443014
actual_q_4,-1.5707805792437952
actual_q_5,2.1412222385406494
actual_q_0,3.712083101272583
actual_q_1,-0.8254436415484925
actual_q_2,0.8429473082171839
actual_q_3,-1.588269372979635
actual_q_4,-1.5707524458514612
actual_q_5,2.1412429809570312
actual_q_0,3.7120742797851562
actual_q_1,-0.8255203527263184
actual_q_2,0.8430054823504847
actual_q_3,-1.588269372979635
actual_q_4,-1.570784870778219
actual_q_5,2.141291618347168
actual_q_0,3.7121317386627197
actual_q_1,-0.8255202931216736
actual_q_2,0.8430007139789026
actual_q_3,-1.588313718835348
actual_q_4,-1.5707967917071741
actual_q_5,2.1412341594696045
actual_q_0,3.712110996246338
actual_q_1,-0.8254512709430237
actual_q_2,0.8429935614215296
actual_q_3,-1.5882331333556117
actual_q_4,-1.5708211104022425
actual_q_5,2.1412737369537354
actual_q_0,3.712062358856201
actual_q_1,-0.825463132267334
actual_q_2,0.8429678122149866
actual_q_3,-1.588297029534811
actual_q_4,-1.570772949849264
actual_q_5,2.141270637512207
actual_q_0,3.7120370864868164
actual_q_1,-0.825533465748169
actual_q_2,0.8430007139789026
actual_q_3,-1.5882650814452113
actual_q_4,-1.5707843939410608
actual_q_5,2.1413040161132812
actual_q_0,3.712106704711914
actual_q_1,-0.8255083721927186
actual_q_2,0.8429563681231897
actual_q_3,-1.588292738000387
actual_q_4,-1.570784870778219
actual_q_5,2.141291618347168
actual_q_0,3.7120776176452637
actual_q_1,-0.8254838746837159
actual_q_2,0.8430007139789026
actual_q_3,-1.5882569752135218
actual_q_4,-1.5708168188678187
actual_q_5,2.141321897506714
actual_q_0,3.7120494842529297
actual_q_1,-0.8254706424525757
actual_q_2,0.8430588881122034
actual_q_3,-1.5883051357665003
actual_q_4,-1.5707891623126429
actual_q_5,2.141270637512207
actual_q_0,3.7121024131774902
actual_q_1,-0.8254957360080262
actual_q_2,0.8429430166827601
actual_q_3,-1.588269372979635
actual_q_4,-1.5708087126361292
actual_q_5,2.141291618347168
actual_q_0,3.7120656967163086
actual_q_1,-0.8254007262042542
actual_q_2,0.8429845015155237
actual_q_3,-1.5882894001402796
actual_q_4,-1.5707486311541956
actual_q_5,2.141242504119873
actual_q_0,3.712106704711914
actual_q_1,-0.8254379791072388
actual_q_2,0.8429887930499476
actual_q_3,-1.5882607899107875
actual_q_4,-1.570813004170553
actual_q_5,2.141291618347168
actual_q_0,3.712094783782959
actual_q_1,-0.8254616421512146
actual_q_2,0.8429349104510706
actual_q_3,-1.5882569752135218
actual_q_4,-1.5708335081683558
actual_q_5,2.141263246536255
actual_q_0,3.7120819091796875
actual_q_1,-0.8255002063563843
actual_q_2,0.8429630438434046
actual_q_3,-1.588297029534811
actual_q_4,-1.5707967917071741
actual_q_5,2.141313076019287
actual_q_0,3.7120862007141113
actual_q_1,-0.8254587215236207
actual_q_2,0.8429678122149866
actual_q_3,-1.5882731876769007
actual_q_4,-1.5708211104022425
actual_q_5,2.141324996948242
actual_q_0,3.712094783782959
actual_q_1,-0.8254170578769227
actual_q_2,0.8430007139789026
actual_q_3,-1.5882774792113246
actual_q_4,-1.5707767645465296
actual_q_5,2.141284227371216
actual_q_0,3.7120611667633057
actual_q_1,-0.8255002063563843
actual_q_2,0.8429802099810999
actual_q_3,-1.5882579288878382
actual_q_4,-1.570784870778219
actual_q_5,2.14127516746521
actual_q_0,3.71207857131958
actual_q_1,-0.825451211338379
actual_q_2,0.8429845015155237
actual_q_3,-1.5882846317686976
actual_q_4,-1.5707367102252405
actual_q_5,2.1412887573242188
actual_q_0,3.7120699882507324
actual_q_1,-0.8254423898509522
actual_q_2,0.8429544607745569
actual_q_3,-1.5882898769774378
actual_q_4,-1.5707686583148401
actual_q_5,2.1413004398345947
actual_q_0,3.7120656967163086
actual_q_1,-0.8255002659610291
actual_q_2,0.8430169264422815
actual_q_3,-1.5882932148375453
actual_q_4,-1.5707724730121058
actual_q_5,2.14127516746521
actual_q_0,3.712062358856201
actual_q_1,-0.8254392308047791
actual_q_2,0.8430421988116663
actual_q_3,-1.5882569752135218
actual_q_4,-1.5708048979388636
actual_q_5,2.141270637512207
actual_q_0,3.712090492248535
actual_q_1,-0.825495795612671
actual_q_2,0.8429845015155237
actual_q_3,-1.5882536373534144
actual_q_4,-1.5707925001727503
actual_q_5,2.141296148300171
actual_q_0,3.7121024131774902
actual_q_1,-0.8254305285266419
actual_q_2,0.8429845015155237
actual_q_3,-1.5882650814452113
actual_q_4,-1.5707967917071741
actual_q_5,2.141279697418213
actual_q_0,3.7120742797851562
actual_q_1,-0.8254468005946656
actual_q_2,0.8429802099810999
actual_q_3,-1.5882774792113246
actual_q_4,-1.570813004170553
actual_q_5,2.141263246536255
actual_q_0,3.7120494842529297
actual_q_1,-0.8254914444736023
actual_q_2,0.8429887930499476
actual_q_3,-1.5882932148375453
actual_q_4,-1.5707967917071741
actual_q_5,2.1412394046783447
actual_q_0,3.7120816707611084
actual_q_1,-0.8254675430110474
actual_q_2,0.842992130910055
actual_q_3,-1.5882932148375453
actual_q_4,-1.5707810560809534
actual_q_5,2.141263246536255
actual_q_0,3.7120935916900635
actual_q_1,-0.8254719537547608
actual_q_2,0.8429878393756312
actual_q_3,-1.588285585443014
actual_q_4,-1.5708168188678187
actual_q_5,2.141226053237915
actual_q_0,3.712111473083496
actual_q_1,-0.8255128425410767
actual_q_2,0.8429563681231897
actual_q_3,-1.5883056126036585
actual_q_4,-1.5708487669574183
actual_q_5,2.141279697418213
actual_q_0,3.7120742797851562
actual_q_1,-0.8254675430110474
actual_q_2,0.8429849783526819
actual_q_3,-1.5882607899107875
actual_q_4,-1.5708006064044397
actual_q_5,2.141345977783203
actual_q_0,3.712095022201538
actual_q_1,-0.8254287999919434
actual_q_2,0.8430007139789026
actual_q_3,-1.5883289776244105
actual_q_4,-1.570841137562887
actual_q_5,2.141263246536255
actual_q_0,3.7121188640594482
actual_q_1,-0.8254586619189759
actual_q_2,0.8430007139789026
actual_q_3,-1.588280817071432
actual_q_4,-1.5708206335650843
actual_q_5,2.141242504119873
